Start Date,End Date,Duration (in seconds),Recorded Date,LocationLatitude - Location Latitude,LocationLongitude - Location Longitude,"Q11 - If happiness can be rated from 1 to 10, which scale do you feel youself are...","Q12 - Please give us ONE word, about ONE thing that makes you happy:",Q17 - Your gender?,Q18_1 - Year,Q18_2 - Month,Q18_3 - Day,Q19 - Which country/region are you from?,Q27 - Which country/region are you currently living in?,Q20 - Are you seeing someone? :P,Q21 - Currently you are a:,"Q6 - On average, how many hours do you spend on social media per day?",Q29 - How many social media platforms do you use?,Q31_0_GROUP - Please rank your top 3 social media apps,Q31_1_RANK - Facebook,Q31_2_RANK - Whatsapp,Q31_3_RANK - Instagram,Q31_4_RANK - Wechat,Q31_5_RANK - Snapchat,Q31_6_RANK - Twitter,Q31_7_RANK - LinkedIn,Q31_8_RANK - Weibo,Q31_9_RANK - Others (please specify),Q31_9_TEXT - Others (please specify),Q30 - How many friends/contacts do you have on your most frequently used social m...,Q8 - On average how often do you post an update on your social media account?,Q32 - How many hours do you go exercise per month?,Q10 - How often do you go out with friends?,Q13 - Please rate 1-10 how happy are you with your current work/study-life balanc...
12/11/16 20:19,12/11/16 20:21,111,12/11/16 20:21,41.72720337,-86.24479675,8,love,Female,1995,1,7,China,Unitied States,"No, I am single.",Student.,8,5,"Wechat,Weibo,LinkedIn",,,,1,,,3,2,,,450,1-2 times a month.,20,More than 2 times a week.,9
12/11/16 20:20,12/11/16 20:23,162,12/11/16 20:23,34.02659607,-118.2830963,5,Tequila,Female,1995,2,21,China,Unitied States,"No, I am single.",Student.,2,4,"Weibo,Wechat,LinkedIn",,,,2,,,3,1,,,100,2-3 times a year.,30,More than 2 times a week.,7
12/11/16 20:19,12/11/16 20:24,299,12/11/16 20:24,31.04559326,121.3996887,3,food,I prefer not to tell.,,,,China,China,"No, I am single.",Working profesional.,1,3,"Wechat,Weibo,LinkedIn",,,,1,,,3,2,,,5,1-2 times a month.,15,1-2 times a month.,3
12/11/16 20:20,12/11/16 20:31,667,12/11/16 20:31,34.05839539,-118.2779999,5,Money,Female,1994,6,18,China,Unitied States,"Yes, I am in a relationship.",Student.,2,7,"Wechat,Instagram,Weibo",,,2,1,,,,3,,,500,Once a week.,2,Once a week.,4
12/11/16 20:29,12/11/16 20:32,157,12/11/16 20:32,34.02659607,-118.2830963,5,People,Female,1992,12,8,China,Unitied States,"No, I am single.",Student.,4,4,"Wechat,Instagram,Weibo",,,2,1,,,,3,,,300+,2-3 times a week.,5,Once a week.,3
12/11/16 20:31,12/11/16 20:34,180,12/11/16 20:34,39.94689941,-105.2142029,6,interesing movies,Female,1993,9,2,China,Unitied States,"No, I am single.",Student.,4 hrs,5,"Wechat,Weibo,LinkedIn",,,,1,,,3,2,,,10,1-2 times a month.,4 hrs,1-2 times a month.,6
12/11/16 20:39,12/11/16 20:42,167,12/11/16 20:42,40.73080444,-73.99749756,8,Music,Female,1992,10,26,India,Unitied States,"No, I am single.",Student.,,,,,,,,,,,,,,,,0,More than 2 times a week.,8
12/11/16 20:39,12/11/16 20:42,185,12/11/16 20:42,34.02659607,-118.2830963,7,Music,Female,1994,12,29,India,Unitied States,"No, I am single.",Student.,3,4,"Whatsapp,Facebook,Others (please specify)",2,1,,,,,,,3,Telegram,300,1-2 times a month.,10,Once a week.,8
12/11/16 20:40,12/11/16 20:42,138,12/11/16 20:42,33.64639282,-86.56960297,8,,Male,1991,,,China,Unitied States,I'm engaged/married already.,Student.,0.5,4,"Wechat,Facebook,Weibo",2,,,1,,,,3,,,400,1-2 times a month.,40,Once a week.,7
12/11/16 20:42,12/11/16 20:45,171,12/11/16 20:45,22.29100037,114.1499939,6,,Female,1990,8,25,China,China,"No, I am single.",Working profesional.,3,3,,,,,,,,,,,,700,1-2 times a month.,24,1-2 times a month.,6
12/11/16 20:43,12/11/16 20:46,179,12/11/16 20:46,34.02659607,-118.2830963,5,cosmetic,Female,1992,8,31,China,Unitied States,"Yes, I am in a relationship.",Student.,3,5,"Wechat,Weibo,Facebook",3,,,1,,,,2,,,400 or so,2-3 times a week.,3,More than 2 times a week.,5
12/11/16 20:43,12/11/16 20:46,153,12/11/16 20:46,25.04179382,121.4966125,7,food,Female,,,,China,Other Asian countries,"Yes, I am in a relationship.",Student.,3,4,"Wechat,Weibo,Facebook",3,,,1,,,,2,,,never countäó_äó_,2-3 times a week.,1h/day,Once a week.,7
12/11/16 20:44,12/11/16 20:47,159,12/11/16 20:47,34.03959656,-118.266098,9,Friends ,Female,1993,3,11,China,Unitied States,"No, I am single.",Student.,4,3,"Wechat,Facebook,LinkedIn",2,,,1,,,3,,,,300,2-3 times a week.,5,More than 2 times a week.,8
12/11/16 20:19,12/11/16 20:50,1840,12/11/16 20:50,39.92889404,116.3883057,7,friends,Female,1994,6,28,China,China,"No, I am single.",Student.,2,2,"Wechat,Weibo,Others (please specify)",,,,1,,,,2,3,qq,150,Once a week.,2,Once a week.,4
12/11/16 20:47,12/11/16 20:50,174,12/11/16 20:50,40.66169739,-73.98549652,5,Bilibili,Male,1994,7,4,China,Unitied States,"No, I am single.",Student.,Oops,4,"Wechat,Facebook,Weibo",2,,,1,,,,3,,,500,"Everyday, I love it.",Oops,Once a week.,5
12/11/16 20:50,12/11/16 20:52,131,12/11/16 20:52,33.78660583,-118.2986984,7,Love,Female,1994,3,15,China,Unitied States,"No, I am single.",Student.,5,6,"LinkedIn,Wechat,Facebook",3,,,2,,,1,,,,554,Once a week.,20,More than 2 times a week.,7
12/11/16 20:57,12/11/16 21:01,282,12/11/16 21:01,23.11669922,113.25,4,Time,Female,1993,6,29,China,China,"No, I am single.",Student.,2,5,"Wechat,Others (please specify),Weibo",,,,1,,,,3,2,Zhihu,100+,2-3 times a week.,16,Once a week.,5
12/11/16 20:54,12/11/16 21:02,452,12/11/16 21:02,38.62730408,-90.19789886,7,,Female,1993,12,9,China,Unitied States,"Yes, I am in a relationship.",Student.,2hr,3,"LinkedIn,Facebook,Wechat",2,,,3,,,1,,,,200,"Everyday, I love it.",10,1-2 times a month.,6
12/11/16 20:59,12/11/16 21:02,171,12/11/16 21:02,37.75100708,-97.8219986,7,,Female,1987,1,19,India,Unitied States,I'm engaged/married already.,Working profesional.,24,3,"Facebook,Whatsapp,LinkedIn",1,2,,,,,3,,,,50,Once a week.,,Once a week.,5
12/11/16 21:01,12/11/16 21:03,107,12/11/16 21:03,40.4763031,-86.95709991,9,Weather,Male,1989,7,21,India,Unitied States,"No, I am single.",Student.,1,2,"LinkedIn,Whatsapp,Facebook",3,2,,,,,1,,,,,1-2 times a month.,0,More than 2 times a week.,7
12/11/16 21:00,12/11/16 21:03,141,12/11/16 21:03,40.04960632,-105.2769012,10,Adventures,Female,1996,February,4,India,Unitied States,"No, I am single.",Student.,3,5,"Whatsapp,Facebook,Snapchat",2,1,,,3,,,,,,70,Never.,1,Once a week.,8
12/11/16 21:01,12/11/16 21:04,163,12/11/16 21:04,34.06219482,-118.2756042,8,Party,Female,1992,6,1,India,Unitied States,"Yes, I am in a relationship.",Student.,1,4,"Whatsapp,Facebook,LinkedIn",2,1,,,,,3,,,,1250,1-2 times a month.,0,1-2 times a month.,9
12/11/16 21:00,12/11/16 21:04,222,12/11/16 21:04,34.02659607,-118.2830963,7,Food,Male,1991,Sep,26,India,Unitied States,"No, I am single.",Student.,0.5,3,"Whatsapp,Facebook,LinkedIn",2,1,,,,,3,,,,100,Never.,1,Once a week.,5
12/11/16 21:01,12/11/16 21:05,212,12/11/16 21:05,41.7454071,-72.67030334,8,Doing what I like,Male,1994,7,12,China,Unitied States,"Yes, I am in a relationship.",Student.,2,5,,,,,,,,,,,,300,2-3 times a week.,3,Once a week.,8
12/11/16 20:58,12/11/16 21:05,425,12/11/16 21:05,28.66670227,77.21670532,7,Kushagra,Female,1976,February,28,India,India,I'm engaged/married already.,Working profesional.,4,1,"Whatsapp,Facebook,LinkedIn",2,1,,,,,3,,,,289,Never.,0,1-2 times a month.,7
12/11/16 21:00,12/11/16 21:07,429,12/11/16 21:07,14.46670532,75.91670227,8,Alive,Male,1992,5,22,India,India,"No, I am single.",Student.,4,8,"Twitter,Instagram,Snapchat",,,2,,3,1,,,,"Hike, Wire",500+,"Everyday, I love it.",12,Once a week.,8
12/11/16 21:06,12/11/16 21:09,165,12/11/16 21:09,34.02659607,-118.2830963,4,Home,Female,1994,June,24,India,Unitied States,"Yes, I am in a relationship.",Student.,5-Jun,3-Apr,"Whatsapp,Facebook,Instagram",2,1,3,,,,,,,Quora,,1-2 times a month.,Not often,1-2 times a month.,5
12/11/16 21:05,12/11/16 21:09,287,12/11/16 21:09,34.02659607,-118.2830963,8,spending time with my close ones and doing what i like,Female,1994,6,9,India,Unitied States,"Yes, I am in a relationship.",Student.,stay online all the time,4,"LinkedIn,Whatsapp,Facebook",3,2,,,,,1,,,,300,Once a week.,1 hour,1-2 times a month.,7
12/11/16 21:06,12/11/16 21:10,229,12/11/16 21:10,35,105,8,Love,Male,1992,Feb,19,India,India,"No, I am single.",Student.,2,1,,,,,,,,,,,,5,1-2 times a month.,20,1-2 times a month.,6
12/11/16 21:10,12/11/16 21:13,151,12/11/16 21:13,40.4763031,-86.95709991,8,,Female,1993,5,18,China,Unitied States,"Yes, I am in a relationship.",Working profesional.,2,5,"Wechat,Instagram,Weibo",,,2,1,,,,3,,,400,2-3 times a week.,5,Once a week.,8
12/11/16 21:11,12/11/16 21:13,110,12/11/16 21:13,39.92889404,116.3883057,10,,Male,1994,12,11,China,China,"Yes, I am in a relationship.",Student.,3 hr,3,"LinkedIn,Weibo,Wechat",,,,3,,,1,2,,,1,Never.,2,Once a week.,2
12/11/16 21:08,12/11/16 21:14,330,12/11/16 21:14,12.98330688,77.58331299,9,Parends,Male,1992,3,4,India,India,"No, I am single.",Student.,3,"Facebook,twitter,whatsapp","Facebook,Whatsapp,Twitter",1,2,,,,3,,,,,Over 600,Once a week.,30,1-2 times a month.,8
12/11/16 21:12,12/11/16 21:16,288,12/11/16 21:16,30.26229858,-97.74649811,8,Kids,Female,1982,October ,11,India,Unitied States,I'm engaged/married already.,Working profesional.,5,2,"Facebook,Whatsapp,Twitter",1,2,,,,3,,,,,200,Once a week.,,Less than once a month,8
12/11/16 21:14,12/11/16 21:17,160,12/11/16 21:17,12.98330688,77.58331299,3,Clarity,Male,1992,11,13,India,India,"No, I am single.",Working profesional.,2,2,"Twitter,Others (please specify),LinkedIn",,,,,,1,3,,2,Telegram,Not Sure,2-3 times a week.,0,Less than once a month,2
12/11/16 21:15,12/11/16 21:18,205,12/11/16 21:18,12.98330688,77.58331299,10,Life,Male,1990,Nov,2,India,India,"Yes, I am in a relationship.",Working profesional.,1hr,3,,,,,,,,,,,,300,2-3 times a week.,30hr,More than 2 times a week.,5
12/11/16 21:18,12/11/16 21:20,168,12/11/16 21:20,40.55160522,-74.46369934,4,,Female,1992,5,12,India,Unitied States,"No, I am single.",Student.,1,2,"Whatsapp,Facebook,LinkedIn",2,1,,,,,3,,,,0,1-2 times a month.,10,Less than once a month,5
12/11/16 21:21,12/11/16 21:23,80,12/11/16 21:23,33.78660583,-118.2986984,4,,I prefer not to tell.,,,,,,,,,,"LinkedIn,Others (please specify),Weibo",,,,,,,1,3,2,,,,,,1
12/11/16 21:20,12/11/16 21:23,188,12/11/16 21:23,39.76400757,-105.0179977,7,Indian food,Male,1992,June,11,India,Unitied States,"Yes, I am in a relationship.",Student.,1,2,,,,,,,,,,,Quora,10,1-2 times a month.,20,More than 2 times a week.,4
12/11/16 21:22,12/11/16 21:24,116,12/11/16 21:24,43.56239319,-79.65039825,8,freedom,Male,,,,Canada,Canada,"No, I am single.",Working profesional.,3,3,"Instagram,Facebook,Snapchat",2,,1,,3,,,,,,300,Once a week.,24,1-2 times a month.,8
12/11/16 21:08,12/11/16 21:26,1034,12/11/16 21:26,12.98330688,77.58331299,6,Peace of mind,Male,,,,India,India,"No, I am single.",Working profesional.,3,2,"Whatsapp,Facebook,LinkedIn",2,1,,,,,3,,,,30,2-3 times a week.,0,1-2 times a month.,6
12/11/16 21:21,12/11/16 21:27,337,12/11/16 21:27,12.98330688,77.58331299,7,Love,Male,1993,8,13,India,India,"Yes, I am in a relationship.",Working profesional.,1,2,"Whatsapp,Others (please specify),Twitter",,1,,,,3,,,2,,13,1-2 times a month.,12,Less than once a month,6
12/11/16 21:29,12/11/16 21:32,164,12/11/16 21:32,29.69999695,77.68328857,5,Family,Male,1994,September ,28th,India,India,"No, I am single.",Working profesional.,1,3,"Facebook,Twitter,Instagram",1,,3,,,2,,,,,40-50,2-3 times a week.,45 mins,Less than once a month,2
12/11/16 21:31,12/11/16 21:33,111,12/11/16 21:33,34.05439758,-118.2440033,7,Birds,Female,1990,4,21,China,Unitied States,"Yes, I am in a relationship.",Student.,1,3,"Facebook,Weibo,Instagram",1,,3,,,,,2,,,1069,2-3 times a week.,10,More than 2 times a week.,7
12/11/16 21:33,12/11/16 21:34,98,12/11/16 21:34,43.64039612,-79.39949799,6,,Female,,,,,,"Yes, I am in a relationship.",Student.,,,,,,,,,,,,,,,2-3 times a year.,20,1-2 times a month.,5
12/11/16 21:33,12/11/16 21:36,173,12/11/16 21:36,34.02659607,-118.2830963,3,Charity,Male,1991,12,18,Other Asian countries,Unitied States,"Yes, I am in a relationship.",Student.,5,4,"Facebook,Whatsapp,LinkedIn",1,2,,,,,3,,,,950,Once a week.,6,1-2 times a month.,7
12/11/16 21:34,12/11/16 21:36,158,12/11/16 21:36,28.66670227,77.43328857,6,Father's satisfaction,Male,1998,7,22,India,India,"No, I am single.",Student.,16-20,6-Jul,"Facebook,Whatsapp,Instagram",1,2,3,,,,,,,,400-500,2-3 times a week.,5,More than 2 times a week.,4
12/11/16 21:35,12/11/16 21:37,161,12/11/16 21:37,39.94689941,-105.2142029,7,food,Female,1994,9,8,China,Unitied States,"Yes, I am in a relationship.",Student.,2,4,"Wechat,Facebook,LinkedIn",2,,,1,,,3,,,,533,2-3 times a year.,1 hour per day,Once a week.,6
12/11/16 21:33,12/11/16 21:39,343,12/11/16 21:39,34.02659607,-118.2830963,5,Healthy ,Female,1994,2,28,China,Unitied States,"No, I am single.",Student.,2,4,"Wechat,Facebook,LinkedIn",2,,,1,,,3,,,,234,1-2 times a month.,15,Once a week.,2
11/11/16 16:36,12/11/16 21:41,104731,12/11/16 21:41,33.78660583,-118.2986984,7,success,Male,92,2,26,China,Unitied States,"No, I am single.",Student.,2,4,,,,,,,,,,,,500,2-3 times a week.,,Once a week.,8
12/11/16 21:40,12/11/16 21:43,196,12/11/16 21:43,28.66670227,77.21670532,7,Play,Male,1997,5,2,India,India,"No, I am single.",Student.,3,2,"Others (please specify),Facebook,Whatsapp",2,3,,,,,,,1,None,500+,1-2 times a month.,0,More than 2 times a week.,5
12/11/16 21:33,12/11/16 21:44,654,12/11/16 21:44,39.92889404,116.3883057,5,food,Female,1994,8,19,China,China,"Yes, I am in a relationship.",Student.,3,1,"Wechat,Weibo,LinkedIn",,,,1,,,3,2,,,20,1-2 times a month.,50,Once a week.,2
12/11/16 21:40,12/11/16 21:45,282,12/11/16 21:45,37.33880615,-121.8914032,7,Guns ,Male,1993,Jan,16,Unitied States,Unitied States,"No, I am single.",Student.,2,4,"LinkedIn,Instagram,Whatsapp",,3,2,,,,1,,,,12,Once a week.,28,More than 2 times a week.,9
12/11/16 21:39,12/11/16 21:45,343,12/11/16 21:45,28.78329468,76.13330078,8,Work,Female,1995,1,20,India,India,"Yes, I am in a relationship.",Working profesional.,1hour,3,"Whatsapp,Instagram,Facebook",3,1,2,,,,,,,,400,1-2 times a month.,30,1-2 times a month.,7
12/11/16 21:42,12/11/16 21:45,171,12/11/16 21:45,22.29100037,114.1499939,8,Food,Female,1991,3,16,China,China,"Yes, I am in a relationship.",Working profesional.,2,3,"Wechat,Instagram,Weibo",,,2,1,,,,3,,,209,2-3 times a week.,8,Once a week.,7
12/11/16 21:01,12/11/16 21:46,2678,12/11/16 21:46,34.0092926,-118.2584,4,Dogs,Female,1986,8,28,India,Unitied States,"No, I am single.",Student.,3,7,"Facebook,Whatsapp,Instagram",1,2,3,,,,,,,,594,Once a week.,1,1-2 times a month.,5
12/11/16 21:44,12/11/16 21:47,173,12/11/16 21:47,39.3157959,112.4224854,7,Shopping,Female,1994,11,30,China,China,"No, I am single.",Student.,5,3,"Wechat,Weibo,Others (please specify)",,,,1,,,,2,3,Qq,660,2-3 times a week.,10,Once a week.,7
12/11/16 21:19,12/11/16 21:47,1656,12/11/16 21:47,39.92889404,116.3883057,8,Exercise,Female,1994,7,19,China,China,"No, I am single.",Student.,1 hour,2,"Weibo,Wechat,Others (please specify)",,,,2,,,,1,3,,10,1-2 times a month.,50,More than 2 times a week.,8
12/11/16 21:45,12/11/16 21:48,126,12/11/16 21:48,39.92889404,116.3883057,4,,Male,1993,8,26,China,China,"No, I am single.",Student.,3,2,"Wechat,Weibo,LinkedIn",,,,1,,,3,2,,,8,"Everyday, I love it.",10,Once a week.,3
12/11/16 21:45,12/11/16 21:48,164,12/11/16 21:48,32.77870178,-96.82170105,5,food,Female,1991,April,25,India,Unitied States,"No, I am single.",Working profesional.,10,2,"Whatsapp,Facebook,Instagram",2,1,3,,,,,,,,15,Once a week.,20,More than 2 times a week.,6
12/11/16 21:43,12/11/16 21:48,308,12/11/16 21:48,34.05439758,-118.2440033,6,friends,Male,1993,1,11,Other Asian countries,Unitied States,"No, I am single.",Student.,1,3,,,,,,,,,,,,1085,Once a week.,20,More than 2 times a week.,7
12/11/16 21:44,12/11/16 21:49,267,12/11/16 21:49,37.75100708,-97.8219986,8,Alive,Female,1994,1,19,China,Unitied States,"No, I am single.",Student.,1,2,"Weibo,Wechat,Instagram",,,3,2,,,,1,,,250,2-3 times a year.,4,Once a week.,6
12/11/16 21:44,12/11/16 21:50,348,12/11/16 21:50,20,77,5,,Male,1997,August,31,India,India,"No, I am single.",Student.,3,3,,,,,,,,,,,Hike,3,2-3 times a year.,,Once a week.,7
12/11/16 21:47,12/11/16 21:50,146,12/11/16 21:50,34.02659607,-118.2830963,6,Money ,Male,1993,4,10,China,Unitied States,"No, I am single.",Student.,3,4,"Wechat,Instagram,Weibo",,,2,1,,,,3,,,300,Once a week.,6,Once a week.,7
12/11/16 21:46,12/11/16 21:50,254,12/11/16 21:50,34.16949463,-118.1222992,5,health,Male,1992,12,6,China,Unitied States,"No, I am single.",Student.,3,3,"Wechat,Weibo,Facebook",3,,,1,,,,2,,,450,Once a week.,10,Once a week.,4
12/11/16 21:47,12/11/16 21:52,260,12/11/16 21:52,28.6000061,77.20001221,8,Work,Male,1992,5,19,India,India,"No, I am single.",Working profesional.,1,6,"Facebook,Whatsapp,Instagram",1,2,3,,,,,,,,500,1-2 times a month.,30,Once a week.,10
12/11/16 21:51,12/11/16 21:53,95,12/11/16 21:53,40.70350647,-73.92350006,8,Beer,Male,1991,,,Unitied States,Unitied States,"Yes, I am in a relationship.",Student.,1,1,,,,,,,,,,,,,2-3 times a year.,20,More than 2 times a week.,3
12/11/16 21:51,12/11/16 21:55,261,12/11/16 21:55,28.66670227,77.21670532,5,Love,Female,1994,12,4,India,India,"No, I am single.",Student.,4,4,,,,,,,,,,,,957,2-3 times a week.,10,1-2 times a month.,7
12/11/16 21:52,12/11/16 21:56,251,12/11/16 21:56,29.31669617,76.31671143,6,fulfillment,Male,30,jan,1997,India,India,"No, I am single.",Student.,3,4,"Whatsapp,Instagram,Facebook",3,1,2,,,,,,,,a lot,Once a week.,i don't,More than 2 times a week.,7
12/11/16 21:50,12/11/16 21:56,366,12/11/16 21:56,13.08329773,80.28329468,5,Surrounding,I prefer not to tell.,1992,Aug,31,India,India,"No, I am single.",Working profesional.,Less than 2hours,Around 3,"Whatsapp,Facebook,LinkedIn",2,1,,,,,3,,,,100,2-3 times a year.,5,Less than once a month,5
12/11/16 21:51,12/11/16 21:57,340,12/11/16 21:57,31.71670532,76.91668701,8,Food,Male,1994,September,19,India,India,"No, I am single.",Student.,2,5,"Whatsapp,Facebook,LinkedIn",2,1,,,,,3,,,,580,2-3 times a year.,6,Once a week.,8
12/11/16 21:53,12/11/16 21:58,278,12/11/16 21:58,12.98330688,77.58331299,9,Single ,Female,1991,Dec,27,India,India,"No, I am single.",Working profesional.,2hrs,2,"Facebook,Whatsapp,Instagram",1,2,3,,,,,,,,7,,5hrs,Less than once a month,9
12/11/16 21:54,12/11/16 22:00,327,12/11/16 22:00,28.66670227,77.43328857,10,Everything around me ,Female,1998,4,30,India,India,"No, I am single.",Student.,1,2,"Whatsapp,Facebook,Others (please specify)",2,1,,,,,,,3,,4 to 5,2-3 times a year.,1,Less than once a month,8
12/11/16 21:58,12/11/16 22:01,187,12/11/16 22:01,31.71670532,76.91668701,7,Music,Male,1995,July,10,India,India,"No, I am single.",Student.,2,7,"Whatsapp,Facebook,Instagram",2,1,3,,,,,,,,370,1-2 times a month.,7,Once a week.,7
12/11/16 21:59,12/11/16 22:02,169,12/11/16 22:02,17.37530518,78.47439575,8,Peace,Female,1994,1,28,India,India,"No, I am single.",Working profesional.,1,3,"Whatsapp,Facebook,Instagram",2,1,3,,,,,,,,70,2-3 times a year.,10,More than 2 times a week.,7
12/11/16 22:01,12/11/16 22:03,161,12/11/16 22:03,34.02659607,-118.2830963,8,New Day,Male,1992,April,21,India,Unitied States,"No, I am single.",Student.,4-May,2,"LinkedIn,Whatsapp,Facebook",3,2,,,,,1,,,,10,1-2 times a month.,30,Once a week.,8
12/11/16 22:00,12/11/16 22:04,211,12/11/16 22:04,23.26669312,77.3999939,10,Friends,Male,2003,January,13,India,India,"No, I am single.",Student.,2,2,"Instagram,Whatsapp,Facebook",3,2,1,,,,,,,,4,1-2 times a month.,55,Less than once a month,9
12/11/16 22:01,12/11/16 22:05,225,12/11/16 22:05,34.02659607,-118.2830963,8,Family,Female,1994,June,7,India,Unitied States,"Yes, I am in a relationship.",Student.,1 hour,4,"Whatsapp,Facebook,Instagram",2,1,3,,,,,,,,3,1-2 times a month.,10,1-2 times a month.,7
12/11/16 22:03,12/11/16 22:08,283,12/11/16 22:08,27.61669922,75.1499939,4,Family,Female,1997,7,5,India,India,"No, I am single.",Student.,1 hours,"Facebook, whatsapp,instagram, snapchart","Instagram,Whatsapp,Snapchat",,2,1,,3,,,,,,Almost,1-2 times a month.,15 in a day,More than 2 times a week.,5
12/11/16 22:06,12/11/16 22:09,177,12/11/16 22:09,12.98330688,77.58331299,9,Peace,Female,1998,7,4,India,India,"No, I am single.",Student.,3 hpurs,"Twitter,whatsapp,facebook","Whatsapp,Twitter,Facebook",3,1,,,,2,,,,,40,1-2 times a month.,1,More than 2 times a week.,8
12/11/16 22:05,12/11/16 22:09,269,12/11/16 22:09,27.61669922,75.1499939,7,Friends,Female,1996,1,1,India,India,"Yes, I am in a relationship.",Student.,3,3,"Facebook,Whatsapp,Instagram",1,2,3,,,,,,,,120,Never.,20,More than 2 times a week.,7
12/11/16 22:03,12/11/16 22:09,377,12/11/16 22:09,20,77,7,Family.. ,Male,1992,August ,8,India,India,"Yes, I am in a relationship.",Working profesional.,3-4 hours ,Around 6 ,"LinkedIn,Whatsapp,Facebook",3,2,,,,,1,,,,250+,Once a week.,1.5*30=45 hours ,1-2 times a month.,8
12/11/16 22:07,12/11/16 22:11,224,12/11/16 22:11,34.02659607,-118.2830963,9,Caramel latte,Female,1994,9,8,China,Unitied States,"Yes, I am in a relationship.",Student.,2,5,"Wechat,Instagram,Facebook",3,,2,1,,,,,,,300+,Once a week.,8,More than 2 times a week.,9
12/11/16 22:08,12/11/16 22:11,151,12/11/16 22:11,40.73080444,-73.99749756,4,,Male,2016,11,20,India,India,"No, I am single.",Student.,3,3,"Whatsapp,Facebook,Instagram",2,1,3,,,,,,,,All,Never.,0,Less than once a month,4
12/11/16 22:00,12/11/16 22:12,758,12/11/16 22:12,12.98330688,77.58331299,7,Family,Female,1990,7,20,India,India,"No, I am single.",Working profesional.,1.5 hours,2,"Whatsapp,Facebook,Others (please specify)",2,1,,,,,,,3,Hike,20,Never.,15,Once a week.,8
12/11/16 22:11,12/11/16 22:13,118,12/11/16 22:13,34.05990601,-118.3103027,6,Friends ,Male,,,,,,"No, I am single.",Student.,2,6,"Facebook,Twitter,Instagram",1,,3,,,2,,,,,Most,2-3 times a week.,8,More than 2 times a week.,6
12/11/16 22:08,12/11/16 22:13,306,12/11/16 22:13,27.61669922,75.1499939,9,Harmony,Female,1996,June,21,India,India,"No, I am single.",Student.,1 hr,3,,,,,,,,,,,,70,1-2 times a month.,6,1-2 times a month.,9
12/11/16 22:11,12/11/16 22:15,232,12/11/16 22:15,13.08329773,80.28329468,8,Love ,Female,1992,December ,Friday ,India,India,"No, I am single.",Working profesional.,5,3,"Whatsapp,Facebook,LinkedIn",2,1,,,,,3,,,,50,1-2 times a month.,0,Once a week.,10
11/11/16 16:35,12/11/16 22:16,106845,12/11/16 22:16,34.02659607,-118.2830963,3,  ,,,,,,,,,3,2,,,,,,,,,,,,100,2-3 times a week.,,Once a week.,3
12/11/16 22:11,12/11/16 22:17,317,12/11/16 22:17,34.02659607,-118.2830963,7,Food,Female,1992,8,7,India,Unitied States,"No, I am single.",Student.,2,3,"Facebook,Instagram,Whatsapp",1,3,2,,,,,,,,>1000,1-2 times a month.,None,Once a week.,7
12/11/16 22:14,12/11/16 22:17,160,12/11/16 22:17,34.02659607,-118.2830963,8,love,Female,1986,1,15,China,Unitied States,"No, I am single.",Student.,1,5,"Wechat,LinkedIn,Facebook",3,,,1,,,2,,,,300,1-2 times a month.,4,Once a week.,8
12/11/16 22:14,12/11/16 22:18,265,12/11/16 22:18,12.98330688,77.58331299,7,Happy,Female,1992,11,7,India,India,"Yes, I am in a relationship.",Student.,3,3,"Whatsapp,Instagram,Facebook",3,1,2,,,,,,,,900,2-3 times a week.,15,Once a week.,6
12/11/16 22:10,12/11/16 22:19,526,12/11/16 22:19,21.23330688,81.63330078,7,Ice cream ,Female,2000,October ,12,India,India,"Yes, I am in a relationship.",Student.,1,3,"Whatsapp,Instagram,Facebook",3,1,2,,,,,,,,300,2-3 times a year.,20,Once a week.,3
12/11/16 22:16,12/11/16 22:20,233,12/11/16 22:20,34.06219482,-118.2756042,7,Friends,Female,1995,1,4,China,Unitied States,"No, I am single.",Student.,2,3,"Wechat,Facebook,Weibo",2,,,1,,,,3,,,150,1-2 times a month.,5,More than 2 times a week.,8
12/11/16 22:16,12/11/16 22:22,326,12/11/16 22:22,30.91670227,77.11669922,7,Helping,Male,1994,November,9,India,India,"No, I am single.",Student.,2,5,"Whatsapp,Facebook,LinkedIn",2,1,,,,,3,,,,30,Once a week.,5,Once a week.,7
12/11/16 22:14,12/11/16 22:23,535,12/11/16 22:23,34.02659607,-118.2830963,4,vacation,Female,1993,10,1,China,Unitied States,"No, I am single.",Student.,4,6,"Wechat,LinkedIn,Instagram",,,3,1,,,2,,,,600,2-3 times a week.,20,More than 2 times a week.,6
12/11/16 22:21,12/11/16 22:24,182,12/11/16 22:24,22.56970215,88.36968994,5,,Female,1993,December,18,India,India,"No, I am single.",Working profesional.,3,3,"Facebook,Whatsapp,Instagram",1,2,3,,,,,,,,50,Once a week.,10,Once a week.,1
12/11/16 22:17,12/11/16 22:24,415,12/11/16 22:24,31.45930481,104.7542114,7,music,Male,1992,5,27,China,China,"Yes, I am in a relationship.",Student.,1.5,3,"Wechat,Weibo,Instagram",,,3,1,,,,2,,,200,1-2 times a month.,6,Less than once a month,7
12/11/16 22:24,12/11/16 22:26,137,12/11/16 22:26,34.06219482,-118.2756042,8,Study,Female,1994,8,28,China,Unitied States,"No, I am single.",Student.,3,3,"Wechat,Facebook,LinkedIn",2,,,1,,,3,,,,10,2-3 times a week.,5,Once a week.,8
12/11/16 22:24,12/11/16 22:27,197,12/11/16 22:27,28.6000061,77.20001221,9,friendship,Female,1994,january,13,India,India,"Yes, I am in a relationship.",Student.,3-Apr,3,,,,,,,,,,,,10-Dec,2-3 times a week.,,1-2 times a month.,8
12/11/16 22:26,12/11/16 22:29,152,12/11/16 22:29,34.02659607,-118.2830963,7,FAMILY,Female,1991,5,27,India,Unitied States,I'm engaged/married already.,Student.,3,2,"Facebook,Whatsapp,LinkedIn",1,2,,,,,3,,,,900,2-3 times a year.,15-Oct,Once a week.,7
12/11/16 22:27,12/11/16 22:29,159,12/11/16 22:29,31.71670532,76.91668701,8,Money,Male,1986,July,29,India,India,"Yes, I am in a relationship.",Working profesional.,1,3,"Whatsapp,LinkedIn,Twitter",,1,,,,3,2,,,,40,2-3 times a year.,5,1-2 times a month.,7
12/11/16 22:26,12/11/16 22:33,416,12/11/16 22:33,12.98330688,77.58331299,6,A nice sleep after a stressful day,Male,1992,May,5,India,India,"No, I am single.",Working profesional.,3,2,"Twitter,Facebook,Whatsapp",2,3,,,,1,,,,,220,1-2 times a month.,25,Once a week.,7
12/11/16 22:31,12/11/16 22:35,253,12/11/16 22:35,20,77,7,Success,Male,2001,1,11,India,India,"No, I am single.",Student.,1.5,3,"Whatsapp,Facebook,Instagram",2,1,3,,,,,,,,400,1-2 times a month.,10,Less than once a month,5
12/11/16 22:31,12/11/16 22:36,247,12/11/16 22:36,12.98330688,77.58331299,10,,Female,1992,12,14,India,India,"No, I am single.",Student.,2,3,,,,,,,,,,,,300,1-2 times a month.,15,Once a week.,7
12/11/16 22:28,12/11/16 22:37,533,12/11/16 22:37,20,77,7,Friends and Food ,Female,1992,August,9,India,India,"No, I am single.",Working profesional.,3,2,,,,,,,,,,,,5,1-2 times a month.,10,1-2 times a month.,7
12/11/16 22:33,12/11/16 22:38,282,12/11/16 22:38,28.66670227,77.21670532,9,Trying new thngs,Male,1994,7,3,India,India,"No, I am single.",Working profesional.,2-3 hrs,More than 5,"Whatsapp,Facebook,LinkedIn",2,1,,,,,3,,,,200,2-3 times a week.,None,Less than once a month,7
12/11/16 22:36,12/11/16 22:39,143,12/11/16 22:39,34.0092926,-118.2584,9,Food,Female,1994,4,24,India,Unitied States,"No, I am single.",Student.,6,4,,,,,,,,,,,,Four,Once a week.,One,Once a week.,8
12/11/16 22:36,12/11/16 22:39,188,12/11/16 22:39,31.04559326,121.3996887,4,,Male,1989,,,China,China,"No, I am single.",Working profesional.,2,2,"Wechat,Weibo,Others (please specify)",,,,1,,,,2,3,no,10,2-3 times a week.,12,Once a week.,4
12/11/16 22:35,12/11/16 22:39,220,12/11/16 22:39,12.98330688,77.58331299,10,Liberation,Female,17,6,1992,Other Asian countries,India,"No, I am single.",Working profesional.,1,2,"Others (please specify),Instagram,Whatsapp",,3,2,,,,,,1,YouTube ,2,1-2 times a month.,20,1-2 times a month.,1
12/11/16 22:35,12/11/16 22:40,276,12/11/16 22:40,28.66670227,77.43328857,8,Friends ,Male,1999,February ,14,India,India,"No, I am single.",Student.,1,2,"Facebook,Whatsapp,Instagram",1,2,3,,,,,,,,1700,1-2 times a month.,1,More than 2 times a week.,5
12/11/16 22:35,12/11/16 22:40,291,12/11/16 22:40,17.37530518,78.47439575,7,Food,Female,1993,March,11,India,India,"No, I am single.",Working profesional.,2,3,"Whatsapp,Facebook,Twitter",2,1,,,,3,,,,Quora,750,2-3 times a year.,0,More than 2 times a week.,4
12/11/16 22:36,12/11/16 22:41,297,12/11/16 22:41,12.98330688,77.58331299,7,Success ,Male,1993,July ,13,India,India,"Yes, I am in a relationship.",Working profesional.,2,4,"Facebook,Whatsapp,Instagram",1,2,3,,,,,,,,600,1-2 times a month.,45,Once a week.,9
12/11/16 22:44,12/11/16 22:46,108,12/11/16 22:46,34.02659607,-118.2830963,6,friends,Male,1992,12,18,India,Unitied States,"No, I am single.",Student.,2,3,"Facebook,Twitter,LinkedIn",1,,,,,2,3,,,,1000,2-3 times a year.,15,1-2 times a month.,6
12/11/16 22:42,12/11/16 22:46,237,12/11/16 22:46,28.66670227,77.21670532,8,Friends,Female,2000,December,11,India,India,"Yes, I am in a relationship.",Student.,2,3,"Whatsapp,Snapchat,Facebook",3,1,,,2,,,,,,10,2-3 times a year.,0,1-2 times a month.,6
12/11/16 22:35,12/11/16 22:47,685,12/11/16 22:47,12.98330688,77.58331299,9, life ,Female,,,,India,India,"Yes, I am in a relationship.",Working profesional.,1,3,,,,,,,,,,,Quora,10,2-3 times a year.,1,More than 2 times a week.,8
12/11/16 22:47,12/11/16 22:49,120,12/11/16 22:49,34.0092926,-118.2584,7,Hard work,Male,1994,May,10,India,Unitied States,"No, I am single.",Student.,1,2,"Whatsapp,Facebook,LinkedIn",2,1,,,,,3,,,,70,1-2 times a month.,20,More than 2 times a week.,9
12/11/16 22:47,12/11/16 22:49,113,12/11/16 22:49,34.02659607,-118.2830963,8,Optimistic,Male,1994,7,20,China,Unitied States,"No, I am single.",Student.,1,5,"Wechat,Facebook,LinkedIn",2,,,1,,,3,,,,1000,"Everyday, I love it.",30,More than 2 times a week.,6
12/11/16 22:47,12/11/16 22:50,191,12/11/16 22:50,23.21670532,72.68330383,7,reading history ,Female,1993,September ,7,India,India,"No, I am single.",Working profesional.,3,3,"Instagram,Whatsapp,Facebook",3,2,1,,,,,,,,450,Once a week.,30,Less than once a month,8
12/11/16 22:48,12/11/16 22:51,156,12/11/16 22:51,34.05439758,-118.2440033,8,2333333,Male,1991,11,19,China,Unitied States,"No, I am single.",Student.,most of the hours,two to three,"Wechat,Others (please specify),LinkedIn",,,,1,,,3,,2,zhihu.and quora,4 to 5,2-3 times a week.,10 to 20,More than 2 times a week.,8
12/11/16 22:44,12/11/16 22:51,431,12/11/16 22:51,27.61669922,75.1499939,5,Balloon ,Female,1996,August,12,India,India,"No, I am single.",Student.,3,3,"Whatsapp,Facebook,LinkedIn",2,1,,,,,3,,,,7,1-2 times a month.,12,1-2 times a month.,8
12/11/16 22:48,12/11/16 22:54,353,12/11/16 22:54,10.99249268,76.96139526,6,Worklife,Male,1992,6,1,India,India,"No, I am single.",Working profesional.,0.5,1,"Whatsapp,Facebook,LinkedIn",2,1,,,,,3,,,,50,2-3 times a year.,,Once a week.,3
12/11/16 22:43,12/11/16 22:56,796,12/11/16 22:56,34.02659607,-118.2830963,8,,Male,1993,1,28,India,Unitied States,"No, I am single.",Student.,3,4,"Whatsapp,Facebook,Instagram",2,1,3,,,,,,,,500+,1-2 times a month.,2,Once a week.,8
12/11/16 22:53,12/11/16 22:57,208,12/11/16 22:57,36.17500305,-115.1371994,10,Friendship,Male,1991,Dec,7,India,Unitied States,"No, I am single.",Student.,1,2,"Whatsapp,Facebook,LinkedIn",2,1,,,,,3,,,,50,2-3 times a year.,30,More than 2 times a week.,10
12/11/16 22:58,12/11/16 23:03,280,12/11/16 23:03,12.98330688,77.58331299,7,Sister,Female,1994,7,9,India,India,"No, I am single.",Working profesional.,0.5,3,"Facebook,Whatsapp,Instagram",1,2,3,,,,,,,,500,1-2 times a month.,1,Once a week.,7
12/11/16 22:57,12/11/16 23:03,367,12/11/16 23:03,28.66670227,77.21670532,7,satisfaction,Female,1997,march,19,India,India,"No, I am single.",Student.,5 hours,4,,,,,,,,,,,,All,1-2 times a month.,12,1-2 times a month.,8
12/11/16 23:07,12/11/16 23:08,116,12/11/16 23:09,35.74630737,-78.72389984,7,FAMILY,Female,1992,7,21,India,Unitied States,"Yes, I am in a relationship.",Student.,2,3,"Whatsapp,Facebook,Instagram",2,1,3,,,,,,,,600+,1-2 times a month.,1,1-2 times a month.,7
12/11/16 23:01,12/11/16 23:09,456,12/11/16 23:09,27.61669922,75.1499939,10,Vimla,Female,1996,10,18,India,India,"Yes, I am in a relationship.",Student.,Don't know,4-May,"Snapchat,Whatsapp,Instagram",,2,3,,1,,,,,Gmail,100,1-2 times a month.,0,Less than once a month,5
12/11/16 23:05,12/11/16 23:10,306,12/11/16 23:10,26.91670227,75.81669617,6,Family,Female,1993,11,23,India,India,I'm engaged/married already.,Working profesional.,6,4,,,,,,,,,,,,200,1-2 times a month.,24,1-2 times a month.,5
12/11/16 22:46,12/11/16 23:17,1862,12/11/16 23:17,26.91670227,75.81669617,7,Family,Female,1995,May,15,India,India,"No, I am single.",Student.,1.5,8,"Whatsapp,Instagram,Facebook",3,1,2,,,,,,,,500,2-3 times a year.,15,Less than once a month,7
12/11/16 23:17,12/11/16 23:19,138,12/11/16 23:19,40.72909546,-74.03859711,7,,Male,1991,7,8,China,China,"No, I am single.",Student.,1,3,"Wechat,Instagram,Weibo",,,2,1,,,,3,,,,,12,More than 2 times a week.,6
12/11/16 23:19,12/11/16 23:23,223,12/11/16 23:23,27.71670532,75.48330688,7,Family,Female,1995,7,7,India,India,"Yes, I am in a relationship.",Student.,5,3,"Whatsapp,Instagram,LinkedIn",,1,2,,,,3,,,,15,Once a week.,10,Less than once a month,6
12/11/16 23:20,12/11/16 23:23,208,12/11/16 23:23,13.08329773,80.28329468,7,Coding,Male,1995,June,15,India,India,"Yes, I am in a relationship.",Student.,2,4,"Others (please specify),LinkedIn,Whatsapp",,3,,,,,2,,1,Quora,50,1-2 times a month.,0,Once a week.,8
12/11/16 23:22,12/11/16 23:25,172,12/11/16 23:25,28.66670227,77.21670532,4,,Male,1986,July,5,India,India,I'm engaged/married already.,Working profesional.,3,2,"Whatsapp,Facebook,LinkedIn",2,1,,,,,3,,,,10,1-2 times a month.,1,Less than once a month,4
12/11/16 23:21,12/11/16 23:26,266,12/11/16 23:26,34.0092926,-118.2584,1,Happy,I prefer not to tell.,2016,Jan,1,Australia,United Kingdom,"No, I am single.",,21,1.5,"Twitter,LinkedIn,Weibo",,,,,,1,2,3,,,199999.99,"Everyday, I love it.",60,More than 2 times a week.,1
12/11/16 23:23,12/11/16 23:29,323,12/11/16 23:29,28.66670227,77.21670532,8,Family,Female,1993,December ,6,India,India,"No, I am single.",Student.,5,4,,,,,,,,,,,,45,2-3 times a year.,40,More than 2 times a week.,8
12/11/16 23:19,12/11/16 23:29,625,12/11/16 23:29,17.37530518,78.47439575,5,Family,Male,1990,Feb,20,India,India,"Yes, I am in a relationship.",Working profesional.,2,3,,,,,,,,,,,,400,2-3 times a week.,,Once a week.,7
12/11/16 23:24,12/11/16 23:31,425,12/11/16 23:31,23.80000305,86.45001221,7,dibu,Male,1994,sep,monday,India,India,"Yes, I am in a relationship.",Student.,2-Mar,3,"Whatsapp,Facebook,Instagram",2,1,3,,,,,,,,190-200,Once a week.,4-May,More than 2 times a week.,8
12/11/16 23:29,12/11/16 23:34,282,12/11/16 23:34,34.74420166,114.4186096,5,study,Male,1994,9,14,China,China,"No, I am single.",Student.,less than 1 hour,2,"Wechat,Weibo,Others (please specify)",,,,1,,,,2,3,QQ ,About 5.,"Everyday, I love it.",About 7,Less than once a month,7
12/11/16 23:37,12/11/16 23:40,148,12/11/16 23:40,34.06570435,-118.436203,6,family,Female,1993,11,9,India,Unitied States,"Yes, I am in a relationship.",Student.,1,4,"Whatsapp,Facebook,Instagram",2,1,3,,,,,,,,30,2-3 times a year.,0,1-2 times a month.,6
12/11/16 23:38,12/11/16 23:41,180,12/11/16 23:41,28.6000061,77.20001221,10,Mobile,Male,2000,August ,7,India,India,"No, I am single.",Student.,4,4-May,"Facebook,Whatsapp,Snapchat",1,2,,,3,,,,,,Facebook,1-2 times a month.,,More than 2 times a week.,7
12/11/16 23:37,12/11/16 23:41,261,12/11/16 23:41,18.9750061,72.82580566,9,Music,Female,1994,March,10,India,India,"No, I am single.",Student.,1-Feb,5,,,,,,,,,,,,300,1-2 times a month.,2,1-2 times a month.,8
12/11/16 23:41,12/11/16 23:43,132,12/11/16 23:43,34.02659607,-118.2830963,5,Game,Female,94,3,1,China,Unitied States,"No, I am single.",Student.,1.5,3,"Weibo,Wechat,Facebook",3,,,2,,,,1,,,150,1-2 times a month.,12,1-2 times a month.,5
12/11/16 23:41,12/11/16 23:43,148,12/11/16 23:43,28.66670227,77.21670532,6,Music,Male,1999,10,11,India,India,"Yes, I am in a relationship.",Student.,3,4,"Whatsapp,Instagram,Facebook",3,1,2,,,,,,,,200,Once a week.,90,Once a week.,4
12/11/16 23:37,12/11/16 23:44,412,12/11/16 23:44,28.66670227,77.43328857,7,friends,Female,1994,3,16,India,India,"Yes, I am in a relationship.",Student.,5,2,"Whatsapp,Facebook,Snapchat",2,1,,,3,,,,,,58,2-3 times a year.,2,1-2 times a month.,5
12/11/16 23:43,12/11/16 23:46,186,12/11/16 23:46,12.98330688,77.58331299,9,chocolate,Male,1991,oct,12,India,India,"Yes, I am in a relationship.",Student.,2 hrs,3,"Instagram,Whatsapp,Facebook",3,2,1,,,,,,,,hardly few,1-2 times a month.,,1-2 times a month.,10
12/11/16 23:48,12/11/16 23:53,313,12/11/16 23:53,37.38870239,-122.0187988,7,Freedom,Female,1990,,,China,Unitied States,"Yes, I am in a relationship.",Working profesional.,4,3,"Wechat,Facebook,Instagram",2,,3,1,,,,,,,1000,Once a week.,25-30,More than 2 times a week.,8
12/11/16 23:52,12/11/16 23:55,177,12/11/16 23:55,28.66670227,77.21670532,8,Family ,Male,1993,December ,17,India,India,"No, I am single.",Working profesional.,2,3,"Whatsapp,Facebook,LinkedIn",2,1,,,,,3,,,,100,Once a week.,24,1-2 times a month.,7
12/11/16 23:54,12/11/16 23:56,155,12/11/16 23:56,28.66670227,77.21670532,8,Family,Female,1999,Feb,22,India,India,"No, I am single.",Student.,3,3,"Whatsapp,Snapchat,Instagram",,1,3,,2,,,,,,10,Once a week.,30,Once a week.,8
12/11/16 23:56,12/11/16 23:58,139,12/11/16 23:58,34.02659607,-118.2830963,6,Dogs,Male,1992,March ,8,India,Unitied States,"No, I am single.",Student.,3,3,"Instagram,Whatsapp,Facebook",3,2,1,,,,,,,,500,1-2 times a month.,20,Once a week.,8
12/11/16 23:56,12/11/16 23:59,182,12/11/16 23:59,34.05439758,-118.2440033,7,food,Female,1991,7,16,China,Unitied States,"No, I am single.",Student.,2,6,"Instagram,Wechat,Snapchat",,,1,2,3,,,,,,150,"Everyday, I love it.",25,More than 2 times a week.,3
12/11/16 23:57,13/11/2016 0:00,161,13/11/2016 0:00,34.0092926,-118.2584,7,Beer,Male,1992,June,28,Unitied States,Unitied States,"No, I am single.",Student.,2,3,"Facebook,Instagram,Snapchat",1,,2,,3,,,,,,489,1-2 times a month.,25,Once a week.,5
13/11/2016 0:04,13/11/2016 0:06,91,13/11/2016 0:06,34.02659607,-118.2830963,7,Life,Male,1990,10,31,India,Unitied States,"No, I am single.",Student.,1.5,3,,,,,,,,,,,,300,1-2 times a month.,20,Once a week.,6
13/11/2016 0:06,13/11/2016 0:10,211,13/11/2016 0:10,28.6000061,77.20001221,10,Love,Male,1994,10,31,India,India,"Yes, I am in a relationship.",Working profesional.,3 hours,5,"Whatsapp,Instagram,Facebook",3,1,2,,,,,,,Hike,215,Once a week.,22 hours,Once a week.,7
13/11/2016 0:10,13/11/2016 0:13,168,13/11/2016 0:13,12.98330688,77.58331299,6,,Male,1991,12,20,India,India,"No, I am single.",Working profesional.,1,4,,,,,,,,,,,,100,Once a week.,0,1-2 times a month.,4
13/11/2016 0:19,13/11/2016 0:24,279,13/11/2016 0:24,12.98330688,77.58331299,8,,Female,1992,1,11,India,India,"Yes, I am in a relationship.",Working profesional.,2 h,2,,,,,,,,,,,,,2-3 times a year.,5,1-2 times a month.,8
13/11/2016 0:24,13/11/2016 0:28,219,13/11/2016 0:28,27.61669922,75.1499939,7,Giving,Female,1997,4,7,India,India,"No, I am single.",Student.,1-Feb,2,"Whatsapp,Instagram,Facebook",3,1,2,,,,,,,,900,2-3 times a year.,1,More than 2 times a week.,1
12/11/16 21:53,13/11/2016 0:37,9806,13/11/2016 0:37,34.03959656,-118.266098,7,Music,Female,1993,10,19,China,Unitied States,"Yes, I am in a relationship.",Student.,2,5,"Weibo,Facebook,Instagram",2,,3,,,,,1,,,200,2-3 times a week.,16,Once a week.,6
13/11/2016 0:35,13/11/2016 0:38,205,13/11/2016 0:38,34.02659607,-118.2830963,3,Sleep,Female,1995,January,13,India,Unitied States,"No, I am single.",Student.,2,3,"Facebook,Whatsapp,Instagram",1,2,3,,,,,,,,1000,2-3 times a year.,10,1-2 times a month.,5
13/11/2016 0:35,13/11/2016 0:40,274,13/11/2016 0:40,28.66670227,77.21670532,8,singing,Female,1999,december,22,India,India,"No, I am single.",Student.,4hrs,3,"Facebook,Whatsapp,Instagram",1,2,3,,,,,,,,600,1-2 times a month.,never,1-2 times a month.,7
13/11/2016 0:38,13/11/2016 0:42,199,13/11/2016 0:42,34.02659607,-118.2830963,7,Holidays,Female,1995,April,29,India,Unitied States,"No, I am single.",Student.,1,4,"Whatsapp,LinkedIn,Facebook",3,1,,,,,2,,,,500,Once a week.,4,1-2 times a month.,7
13/11/2016 0:49,13/11/2016 0:52,137,13/11/2016 0:52,35.58329773,139.748291,6,Money,Male,,,,China,China,"Yes, I am in a relationship.",Working profesional.,3,2,"Wechat,Weibo,LinkedIn",,,,1,,,3,2,,,5,1-2 times a month.,,Once a week.,6
13/11/2016 0:20,13/11/2016 1:10,2968,13/11/2016 1:10,27.61669922,75.1499939,8,appreciation,Female,1996,may,10,India,India,"No, I am single.",Student.,3,4,"Whatsapp,Instagram,Facebook",3,1,2,,,,,,,,236,1-2 times a month.,40 hours,More than 2 times a week.,8
13/11/2016 1:15,13/11/2016 1:17,138,13/11/2016 1:17,12.98330688,77.58331299,4,Travelling,Female,1992,4,4,India,India,"No, I am single.",Working profesional.,1,3,,,,,,,,,,,,300,Never.,15,More than 2 times a week.,5
13/11/2016 1:15,13/11/2016 1:19,267,13/11/2016 1:19,34.0092926,-118.2584,9,Life,Female,1991,Jan,24,India,Unitied States,"Yes, I am in a relationship.",Working profesional.,1,2,"Whatsapp,Facebook,LinkedIn",2,1,,,,,3,,,,200,2-3 times a year.,3,Once a week.,8
13/11/2016 1:15,13/11/2016 1:20,278,13/11/2016 1:20,12.98330688,77.58331299,8,Watching nature with music ,Female,1998,May,22,India,India,"No, I am single.",Student.,2 hours,5,"Facebook,Whatsapp,Instagram",1,2,3,,,,,,,Google plus ,5,Never.,3,Less than once a month,8
13/11/2016 0:50,13/11/2016 1:22,1888,13/11/2016 1:22,30.29359436,120.1614075,1,,,,,,,,,,,,,,,,,,,,,,,,,,,
13/11/2016 1:17,13/11/2016 1:24,424,13/11/2016 1:24,29.46670532,77.68328857,8,,Male,1993,December ,6,India,India,"No, I am single.",Student.,1,3,,,,,,,,,,,,800,Never.,26,Once a week.,7
13/11/2016 1:48,13/11/2016 1:52,221,13/11/2016 1:52,43.94540405,4.810195923,7,Love,Female,1996,1,25,United Kingdom,Other European countries,"No, I am single.",Student.,3,5,"Instagram,Snapchat,Twitter",,,1,,2,3,,,,,322,Once a week.,40,Once a week.,5
13/11/2016 1:38,13/11/2016 1:53,947,13/11/2016 1:53,38.40919495,112.7333069,5,have  a  new  car,Female,1987,2,3,China,China,"No, I am single.",Working profesional.,two,three,"Weibo,Whatsapp,Wechat",,2,,3,,,,1,,,100,2-3 times a year.,30,Once a week.,2
13/11/2016 1:51,13/11/2016 1:55,238,13/11/2016 1:55,30.32670593,76.40029907,8,,Male,1997,April,26,India,India,"No, I am single.",Student.,4,4,,,,,,,,,,,,960,2-3 times a week.,15,Once a week.,6
13/11/2016 2:05,13/11/2016 2:08,202,13/11/2016 2:08,25.77409363,-80.18170166,5,5,Female,1997,3,2,India,India,"No, I am single.",Student.,3,2,,,,,,,,,,,,20,Once a week.,0,Once a week.,4
13/11/2016 2:34,13/11/2016 2:38,254,13/11/2016 2:38,34.1072998,-118.3719025,9,Friends,Female,1991,2,16,China,Unitied States,"Yes, I am in a relationship.",Student.,3,6,"Wechat,Instagram,Facebook",3,,2,1,,,,,,,365,"Everyday, I love it.",6,More than 2 times a week.,10
13/11/2016 2:50,13/11/2016 2:52,116,13/11/2016 2:52,12.3072052,76.64968872,7,Nature,Male,,,,,,,,,,,,,,,,,,,,,,,,,7
13/11/2016 2:53,13/11/2016 2:54,102,13/11/2016 2:54,34.06570435,-118.436203,6,freedom,Female,1989,5,13,China,Unitied States,I'm engaged/married already.,Student.,3,10+,"Wechat,Facebook,Snapchat",2,,,1,3,,,,,,2813,Once a week.,20,Once a week.,7
13/11/2016 2:57,13/11/2016 3:02,288,13/11/2016 3:02,30.07710266,31.28590393,3,my dogs ,Male,1988,2,21,Others,Others,"Yes, I am in a relationship.",Working profesional.,2 hours ,3,"Facebook,LinkedIn,Whatsapp",1,3,,,,,2,,,,770,2-3 times a week.,0,Less than once a month,1
13/11/2016 3:18,13/11/2016 3:21,188,13/11/2016 3:21,22.29100037,114.1499939,5,sleeping,Female,,,,Others,Others,I'm engaged/married already.,Working profesional.,last than one hour,3,"Whatsapp,Facebook,LinkedIn",2,1,,,,,3,,,,,2-3 times a year.,3,Less than once a month,6
13/11/2016 3:09,13/11/2016 3:49,2385,13/11/2016 3:49,22.29100037,114.1499939,7,Relex,Male,1974,6,14,China,China,I'm engaged/married already.,Working profesional.,3,1,"Facebook,Whatsapp,Wechat",1,2,,3,,,,,,,20,2-3 times a week.,4,1-2 times a month.,7
13/11/2016 3:45,13/11/2016 3:49,238,13/11/2016 3:49,39.73919678,-104.9847031,8,My friends make me happy,Male,1992,7,1,India,Unitied States,"Yes, I am in a relationship.",Student.,0.5,1,"Whatsapp,Facebook,LinkedIn",2,1,,,,,3,,,,300,1-2 times a month.,20,1-2 times a month.,8
12/11/16 22:34,13/11/2016 4:13,20289,13/11/2016 4:13,28.57000732,77.32000732,7,Food,Female,1996,June,4,India,India,"No, I am single.",Student.,2 hours,3,"Instagram,Snapchat,Whatsapp",,3,1,,2,,,,,,15,1-2 times a month.,20 hours,1-2 times a month.,5
13/11/2016 4:08,13/11/2016 4:13,339,13/11/2016 4:13,32.77870178,-96.82170105,10,self belief ,Male,1988,december,8,India,India,"No, I am single.",Working profesional.,30 minutes,3,"LinkedIn,Whatsapp,Facebook",3,2,,,,,1,,,,almost 300,1-2 times a month.,,Once a week.,
13/11/2016 4:19,13/11/2016 4:23,221,13/11/2016 4:23,28.66670227,77.21670532,6,Food,Male,1996,9,15,India,India,"Yes, I am in a relationship.",Student.,3,7,"Whatsapp,Instagram,Snapchat",,1,2,,3,,,,,,6-Jul,1-2 times a month.,5,More than 2 times a week.,4
13/11/2016 4:20,13/11/2016 4:24,224,13/11/2016 4:24,28.66670227,77.43328857,10,,Female,1997,April,9,India,India,"Yes, I am in a relationship.",Student.,5 hrs,3,,,,,,,,,,,Facebook whatsapp instagram,500,Never.,6hrs,1-2 times a month.,6
13/11/2016 4:21,13/11/2016 4:25,244,13/11/2016 4:25,28.66670227,77.43328857,5,People,Female,1995,7,28,India,India,"No, I am single.",Student.,3-Apr,5,,,,,,,,,,,Quora,200,2-3 times a year.,1-Feb,1-2 times a month.,7
13/11/2016 4:26,13/11/2016 4:31,272,13/11/2016 4:31,28.46670532,77.03329468,7,Peace,Female,1990,1,5,India,India,I'm engaged/married already.,,5,3,,,,,,,,,,,,200,1-2 times a month.,17,Less than once a month,5
13/11/2016 4:20,13/11/2016 4:37,1023,13/11/2016 4:37,26.46670532,80.3500061,10,,Female,1993,May,8,India,India,"No, I am single.",Student.,2 hours,4,,,,,,,,,,,,70,1-2 times a month.,30 minutes,1-2 times a month.,7
13/11/2016 5:00,13/11/2016 5:02,132,13/11/2016 5:02,28.57000732,77.32000732,8,Family ,Female,1996,January ,4,India,India,"Yes, I am in a relationship.",Student.,5,3,,,,,,,,,,,,4,Once a week.,6,Less than once a month,7
13/11/2016 5:02,13/11/2016 5:06,238,13/11/2016 5:06,12.98330688,77.58331299,9,Friends,Female,1993,10,30,India,India,"No, I am single.",Student.,2-3hr,3,"Whatsapp,Facebook,Instagram",2,1,3,,,,,,,,250,2-3 times a week.,30hr,Once a week.,8
13/11/2016 4:58,13/11/2016 5:10,757,13/11/2016 5:10,12.98330688,77.58331299,10,Self-contentedness,Male,1955,July,1,India,India,I'm engaged/married already.,Working profesional.,2 hours,1,,,,,,,,,,,,About 1000,"Everyday, I love it.",30,Once a week.,8
13/11/2016 5:18,13/11/2016 5:22,206,13/11/2016 5:22,28.6000061,77.20001221,5,Dogs,I prefer not to tell.,1996,December ,19,India,India,"No, I am single.",Student.,3-Apr,2,"Whatsapp,Snapchat,Facebook",3,1,,,2,,,,,,300,1-2 times a month.,1-Feb,Once a week.,4
13/11/2016 5:32,13/11/2016 5:34,113,13/11/2016 5:34,27.61669922,75.1499939,10,,Female,,,,India,India,"No, I am single.",Student.,,,,,,,,,,,,,,,Never.,,Once a week.,7
13/11/2016 5:51,13/11/2016 5:53,117,13/11/2016 5:53,-6.1743927,106.8294067,1,,Male,1991,July,2,Other Asian countries,Other Asian countries,"No, I am single.",Working profesional.,3,Facebook linkeidin,"Instagram,LinkedIn,Facebook",3,,1,,,,2,,,,Uncountable,"Everyday, I love it.",1,Less than once a month,1
13/11/2016 6:27,13/11/2016 6:32,275,13/11/2016 6:32,20,77,5,God,Male,1956,5,31,India,India,I'm engaged/married already.,Working profesional.,2,1,"LinkedIn,Facebook,Whatsapp",2,3,,,,,1,,,,20,Never.,5,Less than once a month,5
13/11/2016 6:21,13/11/2016 6:37,953,13/11/2016 6:37,41.90719604,-72.47280121,7,Nature's beauty ,Female,1986,10,12,India,Unitied States,I'm engaged/married already.,Student.,2,2,,,,,,,,,,,,200,1-2 times a month.,15,1-2 times a month.,8
13/11/2016 6:46,13/11/2016 6:49,200,13/11/2016 6:49,22.31669617,114.1832886,9,Meeting people,Female,1997,7,30,India,China,"No, I am single.",Student.,1,4,"Whatsapp,LinkedIn,Facebook",3,1,,,,,2,,,Telegram,500,2-3 times a year.,4,1-2 times a month.,6
13/11/2016 6:48,13/11/2016 6:52,256,13/11/2016 6:52,28.66670227,77.21670532,9,Food,Female,2001,February,6,India,India,"No, I am single.",Student.,5 hours,4,"Instagram,Snapchat,Facebook",3,,1,,2,,,,,,5,2-3 times a week.,5,More than 2 times a week.,7
13/11/2016 7:05,13/11/2016 7:08,189,13/11/2016 7:08,43.59719849,-79.69309998,7,Connection,Male,1988,5,28,China,Canada,"No, I am single.",Working profesional.,3,5,"Wechat,Facebook,Instagram",2,,3,1,,,,,,,400,2-3 times a year.,30,More than 2 times a week.,8
13/11/2016 7:28,13/11/2016 7:37,555,13/11/2016 7:37,22.29100037,114.1499939,9,comfortable ,Female,,11,16,China,Other Asian countries,I'm engaged/married already.,Working profesional.,1 hr,"Facebook, newspaper, tv, what app ","Whatsapp,Facebook,Twitter",2,1,,,,3,,,,tv,99%,"Everyday, I love it.",10hr,Once a week.,8
13/11/2016 2:56,13/11/2016 8:02,18331,13/11/2016 8:02,3.083297729,101.5332947,6,Eat,Female,1977,3,1,Other Asian countries,Other Asian countries,I'm engaged/married already.,Working profesional.,1,5-Jun,"Facebook,Whatsapp,Instagram",1,2,3,,,,,,,,10,Once a week.,0,1-2 times a month.,5
13/11/2016 8:00,13/11/2016 8:03,180,13/11/2016 8:03,31.04559326,121.3996887,5,resourse,Male,1992,5,,China,China,"No, I am single.",Working profesional.,4,5,"Weibo,Wechat,Snapchat",,,,2,3,,,1,,,60,1-2 times a month.,10,1-2 times a month.,5
13/11/2016 8:07,13/11/2016 8:11,263,13/11/2016 8:11,28.57000732,77.32000732,10,Food,Female,1999,February,22,India,India,"No, I am single.",Student.,2 hours,4,"Whatsapp,Snapchat,Instagram",,1,3,,2,,,,,,Never counted,2-3 times a week.,20 hours,More than 2 times a week.,10
13/11/2016 8:10,13/11/2016 8:13,182,13/11/2016 8:13,43.64039612,-79.39949799,6,,Male,1991,January,29,Canada,Canada,"No, I am single.",Working profesional.,1,3,"Instagram,Snapchat,LinkedIn",,,1,,2,,3,,,,90,2-3 times a week.,16,More than 2 times a week.,6
13/11/2016 8:22,13/11/2016 8:24,142,13/11/2016 8:24,36.13330078,-86.80370331,8,,Female,1982,3,7,China,Unitied States,,Student.,1,3,,,,,,,,,,,,20,1-2 times a month.,15-20,1-2 times a month.,5
13/11/2016 8:23,13/11/2016 8:27,220,13/11/2016 8:27,34.07290649,-118.2606049,8,nature,Female,1994,6,29,China,Unitied States,"Yes, I am in a relationship.",Student.,0.5,3,"Wechat,LinkedIn,Facebook",3,,,1,,,2,,,,100,2-3 times a year.,40,Once a week.,8
13/11/2016 8:44,13/11/2016 8:48,206,13/11/2016 8:48,12.98330688,77.58331299,7,Love,Male,1988,5,5,India,India,I'm engaged/married already.,Working profesional.,1,3,"Whatsapp,Facebook,Twitter",2,1,,,,3,,,,,600,1-2 times a month.,30,1-2 times a month.,8
13/11/2016 8:50,13/11/2016 8:53,173,13/11/2016 8:53,12.3072052,76.64968872,7,Kindness,Female,1993,January,14,India,India,"No, I am single.",Working profesional.,0.5,2,,,,,,,,,,,,500,1-2 times a month.,8,Once a week.,5
13/11/2016 9:04,13/11/2016 9:07,176,13/11/2016 9:07,43.76730347,-79.41110229,7,Family,Female,1990,6,19,China,Canada,"No, I am single.",Working profesional.,3,4,"Wechat,Instagram,Weibo",,,2,1,,,,3,,,200,1-2 times a month.,4,Once a week.,8
13/11/2016 9:36,13/11/2016 9:40,263,13/11/2016 9:40,22.56970215,88.36968994,8,parents,Male,1995,3,10,India,India,"No, I am single.",Student.,2 hrs,3-Apr,"Whatsapp,Facebook,LinkedIn",2,1,,,,,3,,,,400,2-3 times a year.,50 hours,1-2 times a month.,6
13/11/2016 10:48,13/11/2016 10:50,163,13/11/2016 10:51,28.57000732,77.32000732,8,Ayra,Male,2001,January,20,India,India,"Yes, I am in a relationship.",Student.,3 hours,4,,,,,,,,,,,,A lott,2-3 times a week.,1 hour daily,Once a week.,7
13/11/2016 10:40,13/11/2016 10:55,900,13/11/2016 10:55,34.03959656,-118.266098,7,Warm,Female,1993,11,15,Unitied States,Unitied States,"Yes, I am in a relationship.",Student.,2,5,"Instagram,Twitter,Facebook",3,,1,,,2,,,,,1800,2-3 times a week.,4,Once a week.,7
13/11/2016 11:10,13/11/2016 11:13,183,13/11/2016 11:13,41.83790588,-71.39320374,10,STUDY,I prefer not to tell.,,,,Unitied States,Unitied States,"Yes, I am in a relationship.",Student.,3¥_ô,3,"Instagram,Wechat,Facebook",3,,1,2,,,,,,,>100,2-3 times a week.,3,Once a week.,10
13/11/2016 11:13,13/11/2016 11:17,255,13/11/2016 11:18,12.98330688,77.58331299,,Eight,Male,1992,January,18,India,India,"Yes, I am in a relationship.",Working profesional.,2,2,"Twitter,Whatsapp,Facebook",3,2,,,,1,,,,,10,1-2 times a month.,210,Once a week.,7
13/11/2016 11:27,13/11/2016 11:31,229,13/11/2016 11:31,40.75180054,-74.06620026,7,"great, friends",Male,1992,March,17,Canada,Unitied States,"No, I am single.",Working profesional.,5,2,"Others (please specify),Facebook,LinkedIn",2,,,,,,3,,1,YouTube,6,1-2 times a month.,8,1-2 times a month.,4
13/11/2016 11:29,13/11/2016 11:31,138,13/11/2016 11:31,43.69659424,-79.41200256,9,Others,Male,1966,7,17,Canada,Canada,I'm engaged/married already.,Working profesional.,1,2,"Twitter,Whatsapp,LinkedIn",,2,,,,1,3,,,,5000,"Everyday, I love it.",24,Less than once a month,10
13/11/2016 1:04,13/11/2016 11:56,39102,13/11/2016 11:56,9.49420166,76.32751465,8,freedom,Female,1992,9,27,India,India,I'm engaged/married already.,Student.,1,2,"Whatsapp,Facebook,Twitter",2,1,,,,3,,,,,20,2-3 times a year.,20,1-2 times a month.,6
13/11/2016 12:17,13/11/2016 12:20,188,13/11/2016 12:20,18.53329468,73.86669922,7,Laughter,Female,1994,May,16,India,India,"Yes, I am in a relationship.",Working profesional.,7-Aug,2-Mar,"Whatsapp,Snapchat,Instagram",,1,3,,2,,,,,,7-Aug,2-3 times a week.,17-18,More than 2 times a week.,7
13/11/2016 12:07,13/11/2016 12:37,1807,13/11/2016 12:37,20,77,7,,Male,1996,August,30,India,India,"No, I am single.",Student.,4,4,,,,,,,,,,,,,1-2 times a month.,2,Less than once a month,9
13/11/2016 12:58,13/11/2016 13:03,285,13/11/2016 13:03,43.65409851,-79.39779663,8,Challenge,Male,1989,8,29,Others,Canada,"Yes, I am in a relationship.",Working profesional.,2 hours,3,"Instagram,Facebook,LinkedIn",2,,1,,,,3,,,,700,1-2 times a month.,28,1-2 times a month.,10
13/11/2016 13:32,13/11/2016 13:35,204,13/11/2016 13:35,43.68269348,-79.3730011,5,Music,Male,1990,5,7,Canada,Canada,"No, I am single.",Working profesional.,5,6,,,,,,,,,,,,All,Once a week.,48,Once a week.,5
13/11/2016 15:49,13/11/2016 15:51,122,13/11/2016 15:51,33.78660583,-118.2986984,4,food,Male,1984,5,12,Unitied States,Unitied States,I'm engaged/married already.,Working profesional.,6,4,"Facebook,Whatsapp,Instagram",1,2,3,,,,,,,,2212,"Everyday, I love it.",3,More than 2 times a week.,4
13/11/2016 15:51,13/11/2016 15:53,68,13/11/2016 15:53,33.78660583,-118.2986984,8,peace,Male,1962,3,27,Unitied States,Unitied States,I'm engaged/married already.,Working profesional.,5,3,"Facebook,Instagram,Snapchat",1,,2,,3,,,,,,1209,"Everyday, I love it.",0,Less than once a month,8
13/11/2016 15:55,13/11/2016 15:56,95,13/11/2016 15:56,33.78660583,-118.2986984,7,sunshine,Female,1944,5,12,Unitied States,Unitied States,I'm engaged/married already.,Working profesional.,2,3,"Whatsapp,Instagram,Facebook",3,1,2,,,,,,,,544,"Everyday, I love it.",3,More than 2 times a week.,9
13/11/2016 16:37,13/11/2016 16:40,153,13/11/2016 16:40,43.68989563,-79.38529968,5,smile,Male,1988,6,26,China,Canada,"No, I am single.",Working profesional.,3,3,"Instagram,LinkedIn,Facebook",3,,1,,,,2,,,,200,Once a week.,40,Once a week.,7
13/11/2016 16:53,13/11/2016 16:59,323,13/11/2016 16:59,1.285507202,103.8565063,4,,Male,1988,11,22,China,Other Asian countries,"No, I am single.",Working profesional.,4,8,"Weibo,Others (please specify),Facebook",3,,,,,,,1,2,youtube,less than 10,2-3 times a year.,8 hours,Less than once a month,5
13/11/2016 18:29,13/11/2016 18:34,280,13/11/2016 18:34,43.65609741,-79.34059906,7,food,Female,1991,August,6,Canada,Canada,"Yes, I am in a relationship.",Working profesional.,2,7,"Instagram,LinkedIn,Facebook",3,,1,,,,2,,,,180,2-3 times a year.,0,1-2 times a month.,10
13/11/2016 19:15,13/11/2016 19:21,325,13/11/2016 19:21,22.56970215,88.36968994,7,Perfection and satisfaction,Male,1992,August,6,India,India,"Yes, I am in a relationship.",Working profesional.,30 mins,3,"Whatsapp,Facebook,Twitter",2,1,,,,3,,,,,500,1-2 times a month.,10,Once a week.,5
13/11/2016 19:33,13/11/2016 19:38,269,13/11/2016 19:38,25.04179382,121.4966125,5,Music,Female,1988,November,22,Others,Others,"No, I am single.",Working profesional.,4,As many as i can read,"Facebook,Instagram,Twitter",1,,2,,,3,,,,,500 plus,2-3 times a week.,None,Less than once a month,3
13/11/2016 20:02,13/11/2016 20:03,84,13/11/2016 20:03,33.78660583,-118.2986984,6,daughter,Female,1989,7,2,Unitied States,Unitied States,"No, I am single.",Working profesional.,2,4,"Whatsapp,Facebook,Instagram",2,1,3,,,,,,,,56,Once a week.,4,Once a week.,5
13/11/2016 20:03,13/11/2016 20:04,71,13/11/2016 20:04,33.78660583,-118.2986984,5,salad,Female,1964,4,30,Unitied States,Unitied States,I'm engaged/married already.,Working profesional.,3,4,"Whatsapp,Facebook,Twitter",2,1,,,,3,,,,,89,1-2 times a month.,8,Once a week.,4
13/11/2016 20:15,13/11/2016 20:17,127,13/11/2016 20:17,34.0092926,-118.2584,8,food,Female,1992,april,23,India,Unitied States,"Yes, I am in a relationship.",Student.,2,3,"Whatsapp,Facebook,LinkedIn",2,1,,,,,3,,,,800,Once a week.,0,More than 2 times a week.,5
13/11/2016 21:18,13/11/2016 21:21,168,13/11/2016 21:21,34.02659607,-118.2830963,1,Death,I prefer not to tell.,1832,10,30,Other European countries,South and Central America,"Yes, I am in a relationship.",Student.,23,12,,,,,,,,,,,,0,"Everyday, I love it.",0,Less than once a month,1
13/11/2016 21:35,13/11/2016 21:36,106,13/11/2016 21:36,43.66549683,-79.42040253,3,,Male,1990,6,10,Canada,Canada,I'm engaged/married already.,Working profesional.,4,4,"Twitter,Facebook,Wechat",2,,,3,,1,,,,,500,1-2 times a month.,40,1-2 times a month.,5
13/11/2016 22:02,13/11/2016 22:05,164,13/11/2016 22:05,18.9750061,72.82580566,9,Love,Female,1994,3,18,India,India,"No, I am single.",Working profesional.,6,4,"Whatsapp,Instagram,Facebook",3,1,2,,,,,,,,400,2-3 times a week.,,Less than once a month,3
13/11/2016 22:21,13/11/2016 22:25,247,13/11/2016 22:25,12.98330688,77.58331299,10,Mumma,Female,1994,June,17,India,India,"Yes, I am in a relationship.",Student.,1 hour,3,"Whatsapp,Facebook,Instagram",2,1,3,,,,,,,,4,Once a week.,30 minutes,1-2 times a month.,7
13/11/2016 22:53,13/11/2016 22:56,186,13/11/2016 22:56,49.1947937,-122.8130951,5,Independence,Male,1991,April,12,Canada,Canada,"Yes, I am in a relationship.",Working profesional.,1,5,"Facebook,LinkedIn,Whatsapp",1,3,,,,,2,,,,867,2-3 times a year.,40,1-2 times a month.,7
13/11/2016 22:55,13/11/2016 22:59,202,13/11/2016 22:59,43.78010559,-79.34790039,4,companionship,Male,1989,4,12,Other Asian countries,Canada,"No, I am single.",Working profesional.,2-Mar,2,"Facebook,Wechat,Others (please specify)",1,,,2,,,,,3,N/A,didnt count,Never.,0,Once a week.,3
13/11/2016 23:43,13/11/2016 23:46,124,13/11/2016 23:46,34.02659607,-118.2830963,7,Life,Male,1989,11,10,Unitied States,Unitied States,"No, I am single.",Student.,1,2,"Snapchat,LinkedIn,Twitter",,,,,1,3,2,,,,100,Once a week.,15,Once a week.,9
13/11/2016 23:57,14/11/2016 0:02,280,14/11/2016 0:02,31.04559326,121.3996887,6,Wealth ,Male,1990,8,12,China,China,I'm engaged/married already.,Working profesional.,1,3,,,,,,,,,,,Hoop,300,1-2 times a month.,30,Once a week.,8
14/11/2016 0:00,14/11/2016 0:03,161,14/11/2016 0:03,34.14700317,-118.1391983,7,Friends ,Male,1993,5,5,Unitied States,Unitied States,"No, I am single.",Working profesional.,2,4,"Others (please specify),Instagram,Facebook",3,,2,,,,,,1,Reddit,650,1-2 times a month.,25,Once a week.,7
14/11/2016 0:16,14/11/2016 0:19,193,14/11/2016 0:19,42.01660156,-71.22309875,10,Family,Male,1995,3,7,India,Unitied States,"No, I am single.",Student.,3,3,,,,,,,,,,,,300,Once a week.,15,More than 2 times a week.,10
14/11/2016 0:40,14/11/2016 0:48,453,14/11/2016 0:48,22.31669617,114.1832886,9,knowledge,Male,1994,4,15,China,China,"Yes, I am in a relationship.",Student.,1.5,6,"Wechat,Whatsapp,Twitter",,2,,1,,3,,,,,6,1-2 times a month.,8,Once a week.,9
14/11/2016 1:02,14/11/2016 1:06,236,14/11/2016 1:06,30.58009338,114.273407,6,Trust,Male,1986,10,17,China,China,"No, I am single.",Student.,3,3,"Wechat,Weibo,Facebook",3,,,1,,,,2,,,550,1-2 times a month.,3,1-2 times a month.,6
14/11/2016 1:08,14/11/2016 1:13,290,14/11/2016 1:13,22.53329468,114.1333008,7,learning,Male,1990,1,16,China,China,"Yes, I am in a relationship.",Working profesional.,0.5,1,,,,,,,,,,,,90,2-3 times a year.,4,1-2 times a month.,4
14/11/2016 1:24,14/11/2016 1:27,172,14/11/2016 1:27,22.29100037,114.1499939,8,accomblish,Male,1987,4,10,China,China,"Yes, I am in a relationship.",Student.,3,2,"Wechat,LinkedIn,Facebook",3,,,1,,,2,,,,400,2-3 times a year.,20,1-2 times a month.,8
14/11/2016 2:31,14/11/2016 2:35,265,14/11/2016 2:35,47,8,5,smile,Male,1992,feb,7,India,India,"No, I am single.",Working profesional.,2,4,"Others (please specify),Facebook,Whatsapp",2,3,,,,,,,1,quora,20,1-2 times a month.,24,1-2 times a month.,4
14/11/2016 3:51,14/11/2016 3:58,404,14/11/2016 3:58,26.91670227,75.81669617,8,NYC,Male,1992,February ,20,India,India,"No, I am single.",Working profesional.,1.5 hrs,3,"Whatsapp,Instagram,Facebook",3,1,2,,,,,,,,200,2-3 times a week.,36,More than 2 times a week.,5
14/11/2016 6:02,14/11/2016 6:05,170,14/11/2016 6:05,35.29359436,-80.73500061,9,Food ,Male,1992,January,10,India,Unitied States,"No, I am single.",Student.,5,4,"Facebook,Whatsapp,LinkedIn",1,2,,,,,3,,,,15,2-3 times a week.,30,More than 2 times a week.,6
14/11/2016 6:59,14/11/2016 7:03,215,14/11/2016 7:03,43.05099487,-76.17690277,8,Flowers,Female,1991,Oct,7,India,Unitied States,"No, I am single.",Student.,1,5,"Whatsapp,Snapchat,LinkedIn",,1,,,2,,3,,,,350,1-2 times a month.,20,More than 2 times a week.,7
14/11/2016 9:00,14/11/2016 9:05,350,14/11/2016 9:05,13.00250244,80.20608521,6, ,Male,1964,June,1,India,India,I'm engaged/married already.,Working profesional.,1-Feb,2,"Whatsapp,Facebook,Twitter",2,1,,,,3,,,,,50,2-3 times a year.,1,Less than once a month,6
12/11/16 21:20,14/11/2016 9:16,129375,14/11/2016 9:16,9.966705322,76.23330688,9,Sea beach,Female,1968,June,7,India,India,I'm engaged/married already.,,3,,"Whatsapp,Facebook,Twitter",2,1,,,,3,,,,,55,2-3 times a year.,45,Less than once a month,6
14/11/2016 9:34,14/11/2016 9:37,145,14/11/2016 9:37,34.07640076,-118.2626038,7,Weightlifting,Male,1988,6,,Unitied States,Unitied States,"Yes, I am in a relationship.",Student.,1.5,3,"Facebook,Instagram,LinkedIn",1,,2,,,,3,,,,350,2-3 times a year.,25,1-2 times a month.,5
14/11/2016 16:08,14/11/2016 16:10,91,14/11/2016 16:10,33.78660583,-118.2986984,10,,Male,1993,8,16,China,Unitied States,"Yes, I am in a relationship.",Student.,2 hours,3,"Wechat,Weibo,Instagram",,,3,1,,,,2,,,818,1-2 times a month.,20,Once a week.,8
15/11/2016 5:39,15/11/2016 5:42,166,15/11/2016 5:42,27.61669922,75.1499939,7,,Female,1996,june,24,India,India,"No, I am single.",Student.,1 hr,4,"Whatsapp,Instagram,Facebook",3,1,2,,,,,,,,100+,1-2 times a month.,20,More than 2 times a week.,7
15/11/2016 9:37,15/11/2016 9:41,259,15/11/2016 9:41,22.29100037,114.1499939,7,Achievement ,Female,,,,China,China,"No, I am single.",Working profesional.,At least 1 hour,4,"Whatsapp,LinkedIn,Facebook",3,1,,,,,2,,,,more than 100,2-3 times a year.,8 to 10 hours,Less than once a month,3